corpus_size,elapsed_s,iteration,run_id,runs_per_sec,target,timestamp,unique_bugs
33,61.25,50,20260418_111039,0.8163265306122449,json_decoder,2026-04-18 03:11:41.095000+00:00,1
0,52.39890829205979,50,20260414_234544,0.9542183535830783,json_decoder,2026-04-14 15:46:37.677000+00:00,2
32,25.772704542032443,100,20260417_195441,3.8800739688343926,json_decoder,2026-04-17 11:55:07.943000+00:00,1
8,72.13367691601161,150,20260417_180445,2.079472535063637,json_decoder,2026-04-17 10:05:59.027000+00:00,23
0,1308.561999999918,551,20260409_133549,0.4210729029270562,json_decoder,2026-04-09 05:57:38.335000+00:00,121
0,857.0629999999655,400,20260409_151215,0.4667101484955203,json_decoder,2026-04-09 07:26:32.477000+00:00,96
8,21.728865165961906,100,20260417_192418,4.602173157052362,json_decoder,2026-04-17 11:24:40.441000+00:00,2
32,19.45397679193411,100,20260417_212724,5.140337169594106,json_decoder,2026-04-17 13:27:43.854000+00:00,1
36,97.72334700007923,350,20260417_194452,3.581539220097693,json_decoder,2026-04-17 11:46:30.155000+00:00,3
0,344.64099999994505,100,20260409_151215,0.29015700395488625,json_decoder,2026-04-09 07:18:00.182000+00:00,31
33,49.27933912491426,250,20260418_125757,5.073119981708662,json_decoder,2026-04-18 04:58:48.016000+00:00,2
0,255.5470000000205,100,20260409_123227,0.3913174484536777,json_decoder,2026-04-09 04:36:43.453000+00:00,35
0,597.9379999999655,250,20260409_123227,0.41810354919743253,json_decoder,2026-04-09 04:42:25.767000+00:00,70
32,52.14173845795449,300,20260417_213419,5.753548095484213,json_decoder,2026-04-17 13:35:11.926000+00:00,1
0,1403.4839999999385,601,20260409_133549,0.42822005808404395,json_decoder,2026-04-09 05:59:13.264000+00:00,126
10,56.68570683395956,50,20260417_175644,0.8820565675657369,json_decoder,2026-04-17 09:57:41.142000+00:00,4
33,40.92737970792223,200,20260418_125757,4.886704241202287,json_decoder,2026-04-18 04:58:39.807000+00:00,2
10,62.193749957950786,350,20260417_192418,5.627575121883391,json_decoder,2026-04-17 11:25:20.892000+00:00,2
31,57.09399999998277,50,20260418_110316,0.8757487651945054,json_decoder,2026-04-18 03:04:13.414000+00:00,1
0,142.2029999999795,50,20260409_123227,0.35161002229212607,json_decoder,2026-04-09 04:34:50.292000+00:00,16
0,246.06199999991804,50,20260409_133549,0.2032008193057711,json_decoder,2026-04-09 05:39:56.181000+00:00,12
32,17.274457416962832,50,20260417_195441,2.894446916225686,json_decoder,2026-04-17 11:54:59.444000+00:00,1
32,34.15781362494454,200,20260417_212724,5.85517569116149,json_decoder,2026-04-17 13:27:58.556000+00:00,1
33,47.19539562507998,250,20260417_211906,5.297126905895628,json_decoder,2026-04-17 13:19:54.228000+00:00,2
33,39.6521313340636,200,20260417_211906,5.043865065285603,json_decoder,2026-04-17 13:19:46.679000+00:00,2
36,90.19417666702066,300,20260417_194452,3.326157087807804,json_decoder,2026-04-17 11:46:22.633000+00:00,3
0,946.344000000041,450,20260409_151215,0.4755141893433894,json_decoder,2026-04-09 07:28:01.755000+00:00,107
32,29.346091958112083,50,20260417_212153,1.7038043795190452,json_decoder,2026-04-17 13:22:22.689000+00:00,2
12,110.72644508397207,550,20260417_181623,4.967196405365441,json_decoder,2026-04-17 10:18:14.977000+00:00,3
32,48.99660041695461,300,20260417_212724,6.122873779956968,json_decoder,2026-04-17 13:28:13.397000+00:00,1
34,111.90600000001723,100,20260418_223915,0.8936071345592247,json_decoder,2026-04-18 14:41:08.394000+00:00,1
32,56.4402349999873,350,20260417_212724,6.201249870771778,json_decoder,2026-04-17 13:28:20.835000+00:00,1
32,14.85426924994681,50,20260417_213419,3.366035660096779,json_decoder,2026-04-17 13:34:34.655000+00:00,1
33,31.473622292047366,150,20260417_211906,4.765895663617385,json_decoder,2026-04-17 13:19:38.484000+00:00,2
33,34.104637083015405,150,20260417_195441,4.398228887024343,json_decoder,2026-04-17 11:55:16.271000+00:00,1
10,43.547709916951135,150,20260417_181623,3.44449800657857,json_decoder,2026-04-17 10:17:07.798000+00:00,1
33,110.7960000000021,100,20260418_111413,0.9025596591934556,json_decoder,2026-04-18 03:16:04.369000+00:00,2
0,779.9839999999385,300,20260409_133549,0.38462327432360616,json_decoder,2026-04-09 05:48:49.738000+00:00,74
32,42.43894179200288,50,20260417_195250,1.178163212576189,json_decoder,2026-04-17 11:53:32.937000+00:00,2
10,100.62729450000916,600,20260417_192418,5.962596957229586,json_decoder,2026-04-17 11:25:59.321000+00:00,2
31,11.481467124889605,50,20260417_212724,4.354844155030471,json_decoder,2026-04-17 13:27:35.877000+00:00,1
0,83.5667255410226,50,20260414_124037,0.5983242693343918,json_decoder,2026-04-14 04:42:02.834000+00:00,3
0,95.5,50,20260414_212125,0.5235602094240838,json_decoder,2026-04-14 13:23:00.649000+00:00,32
0,1393.445787625038,100,20260409_141825,0.07176454289652565,cidrize,2026-04-09 06:41:39.625000+00:00,91
32,44.54293133306783,150,20260417_212153,3.367537688042611,json_decoder,2026-04-17 13:22:37.873000+00:00,2
0,89.02329358400311,50,20260409_130404,0.5616507543929453,json_decoder,2026-04-09 05:05:35.408000+00:00,16
0,115.35899999993853,50,20260414_131256,0.43342955469470645,json_decoder,2026-04-14 05:14:51.924000+00:00,17
0,676.936999999918,250,20260409_133549,0.369310585770951,json_decoder,2026-04-09 05:47:06.706000+00:00,64
11,104.40152295900043,350,20260417_175644,3.3524415169446202,json_decoder,2026-04-17 09:58:29.134000+00:00,4
0,61.389423666056246,50,20260414_151307,0.814472542892535,json_decoder,2026-04-14 07:14:10.255000+00:00,3
0,776.5390865419758,50,20260409_141825,0.06438825922163964,cidrize,2026-04-09 06:31:22.716000+00:00,48
11,96.16967808397021,300,20260417_175644,3.119486370101562,json_decoder,2026-04-17 09:58:20.610000+00:00,4
10,66.12330391607247,200,20260417_183227,3.0246522504963087,json_decoder,2026-04-17 10:33:34.133000+00:00,3
0,1711.171999999904,751,20260409_133549,0.4388804865905018,json_decoder,2026-04-09 06:04:20.949000+00:00,152
12,102.62074275000487,500,20260417_181623,4.872309307076968,json_decoder,2026-04-17 10:18:06.858000+00:00,3
0,252.21900000004098,50,20260409_151215,0.19824041804936138,json_decoder,2026-04-09 07:16:27.844000+00:00,15
0,177.0779999999795,100,20260414_212125,0.564722890477708,json_decoder,2026-04-14 13:24:22.259000+00:00,57
0,983.061999999918,400,20260409_133549,0.40689193560531617,json_decoder,2026-04-09 05:52:12.830000+00:00,93
0,111.9539999999106,50,20260414_130241,0.4466120013580572,json_decoder,2026-04-14 05:04:33.604000+00:00,16
10,80.43161045899615,200,20260417_175644,2.4865845512562443,json_decoder,2026-04-17 09:58:04.889000+00:00,4
0,253.6907300419407,251,20260409_130404,0.9893936603773584,json_decoder,2026-04-09 05:08:18.926000+00:00,60
9,45.794649999937974,250,20260417_192418,5.459152979667682,json_decoder,2026-04-17 11:25:04.943000+00:00,2
0,1604.7029999999795,701,20260409_133549,0.43684096060143773,json_decoder,2026-04-09 06:02:34.477000+00:00,143
11,108.5235639999155,650,20260417_192418,5.989482615964457,json_decoder,2026-04-17 11:26:07.215000+00:00,2
6,42.484568375046365,50,20260417_180445,1.1768979164059927,json_decoder,2026-04-17 10:05:28.511000+00:00,9
0,1089.2029999999795,451,20260409_133549,0.41406422861487574,json_decoder,2026-04-09 05:53:58.976000+00:00,104
32,41.44304291694425,250,20260417_212724,6.032375578719533,json_decoder,2026-04-17 13:28:05.856000+00:00,1
9,50.730803332990035,100,20260417_183227,1.9711889706065506,json_decoder,2026-04-17 10:33:18.195000+00:00,3
35,81.6081387080485,250,20260417_194452,3.063419947541875,json_decoder,2026-04-17 11:46:14.041000+00:00,2
31,55.98399999999674,50,20260418_110143,0.8931123178051392,json_decoder,2026-04-18 03:02:39.540000+00:00,2
7,56.008803665987216,100,20260417_180445,1.7854336006953058,json_decoder,2026-04-17 10:05:42.028000+00:00,15
32,114.48500000001513,100,20260418_121911,0.8734768746996269,json_decoder,2026-04-18 04:21:06.098000+00:00,1
33,111.43799999999464,100,20260418_111039,0.8973599669771963,json_decoder,2026-04-18 03:12:31.350000+00:00,1
33,50.39013358298689,250,20260417_195441,4.961288693316878,json_decoder,2026-04-17 11:55:32.562000+00:00,2
0,173.3629689590307,100,20260418_183802,0.5768244544983081,json_decoder,2026-04-18 10:40:55.843000+00:00,2
0,81.58499733300414,50,20260414_133609,0.6128577757490856,json_decoder,2026-04-14 05:37:31.940000+00:00,3
0,775.640999999945,350,20260409_151215,0.45123968433853395,json_decoder,2026-04-09 07:25:11.057000+00:00,87
0,99.22971391596366,50,20260418_181904,0.5038813277476981,json_decoder,2026-04-18 10:20:43.974000+00:00,1
33,60.0,50,20260418_223915,0.8333333333333334,json_decoder,2026-04-18 14:40:16.499000+00:00,1
11,60.328049708972685,250,20260417_181623,4.144009315832683,json_decoder,2026-04-17 10:17:24.540000+00:00,2
0,107.10557983291801,50,20260414_155643,0.4668290865704544,json_decoder,2026-04-14 07:58:31.435000+00:00,3
32,47.14498700003605,250,20260417_224617,5.30279072936872,json_decoder,2026-04-17 14:47:04.916000+00:00,2
0,96.96900000004098,50,20260414_133700,0.5156287060811071,json_decoder,2026-04-14 05:38:37.791000+00:00,32
0,604.515999999945,250,20260409_151215,0.4135539836828516,json_decoder,2026-04-09 07:22:19.991000+00:00,67
10,92.67849704099353,550,20260417_192418,5.934494165963051,json_decoder,2026-04-17 11:25:51.367000+00:00,2
0,55.58190620795358,50,20260416_143406,0.8995733218096282,json_decoder,2026-04-16 06:35:02.065000+00:00,3
0,370.094000000041,150,20260409_123227,0.4053024366782044,json_decoder,2026-04-09 04:38:37.917000+00:00,50
0,104.84982262505218,100,20260414_234544,0.9537450564661861,json_decoder,2026-04-14 15:47:29.819000+00:00,3
33,42.2859437080333,200,20260417_195441,4.729704068588751,json_decoder,2026-04-17 11:55:24.456000+00:00,1
10,74.29941708303522,250,20260417_183227,3.364763948559732,json_decoder,2026-04-17 10:33:42.329000+00:00,3
0,141.3737470000051,100,20260409_130404,0.7073449075378642,json_decoder,2026-04-09 05:06:26.816000+00:00,34
32,34.75039470905904,100,20260417_230052,2.8776651556688972,json_decoder,2026-04-17 15:01:27.546000+00:00,1
32,54.66306358308066,300,20260417_224617,5.488166603469627,json_decoder,2026-04-17 14:47:12.418000+00:00,2
0,1195.6089999999385,501,20260409_133549,0.4190333127301867,json_decoder,2026-04-09 05:55:45.387000+00:00,115
0,1204.359999999986,600,20260409_151215,0.4981899099936954,json_decoder,2026-04-09 07:32:19.788000+00:00,136
32,27.37634600000456,50,20260417_230052,1.8263942163790474,json_decoder,2026-04-17 15:01:20.201000+00:00,1
32,22.572526125004515,100,20260417_213419,4.4301643265893,json_decoder,2026-04-17 13:34:42.357000+00:00,1
0,1121.594000000041,550,20260409_151215,0.49037352196960743,json_decoder,2026-04-09 07:30:57.009000+00:00,126
31,109.43799999999464,100,20260418_110316,0.9137593888777654,json_decoder,2026-04-18 03:05:05.760000+00:00,1
12,76.60284049995244,350,20260417_181623,4.56902117096059,json_decoder,2026-04-17 10:17:40.851000+00:00,2
32,31.871888291090727,150,20260417_224617,4.706341796570933,json_decoder,2026-04-17 14:46:49.647000+00:00,2
0,84.53883408394177,50,20260409_012304,0.5914441634048695,json_decoder,2026-04-08 17:24:29.918000+00:00,20
32,59.625,50,20260418_111413,0.8385744234800838,json_decoder,2026-04-18 03:15:13.231000+00:00,2
32,39.701624750043266,200,20260417_224617,5.037577208972588,json_decoder,2026-04-17 14:46:57.506000+00:00,2
13,90.8144714999944,350,20260417_183227,3.8540113069977133,json_decoder,2026-04-17 10:33:58.425000+00:00,3
0,884.2189999999246,350,20260409_133549,0.3958295399669424,json_decoder,2026-04-09 05:50:33.980000+00:00,81
13,98.59526287508197,400,20260417_183227,4.056990045320851,json_decoder,2026-04-17 10:34:06.307000+00:00,3
10,69.77509474998806,400,20260417_192418,5.732704504855846,json_decoder,2026-04-17 11:25:28.468000+00:00,2
0,323.689432333922,351,20260409_130404,1.0843727503525789,json_decoder,2026-04-09 05:09:28.926000+00:00,77
0,585.2029999999795,200,20260409_133549,0.34176174763288464,json_decoder,2026-04-09 05:45:34.956000+00:00,56
35,66.58397262508515,150,20260417_194452,2.252794390094536,json_decoder,2026-04-17 11:45:59.011000+00:00,2
33,22.639129750081338,100,20260417_211906,4.417130919073456,json_decoder,2026-04-17 13:19:29.675000+00:00,1
9,37.46698062494397,200,20260417_192418,5.338033560858871,json_decoder,2026-04-17 11:24:56.744000+00:00,2
0,1004.7029999999795,50,20260409_140940,0.04976595073370042,ipv6_parser,2026-04-09 06:26:25.351000+00:00,33
8,29.688105790992267,150,20260417_192418,5.0525284791160985,json_decoder,2026-04-17 11:24:48.387000+00:00,2
32,24.39139570808038,100,20260417_224617,4.099806390614703,json_decoder,2026-04-17 14:46:42.156000+00:00,2
0,1493.0779999999795,651,20260409_133549,0.4360120502746735,json_decoder,2026-04-09 06:00:42.858000+00:00,131
33,66.27694258303382,350,20260417_195441,5.280871240575244,json_decoder,2026-04-17 11:55:48.442000+00:00,2
0,93.67113741696812,50,20260414_163706,0.5337823515201889,json_decoder,2026-04-14 08:38:41.554000+00:00,4
0,87.50040662509855,50,20260414_160204,0.5714259159300642,json_decoder,2026-04-14 08:03:33.221000+00:00,2
31,12.712495082989335,50,20260417_223846,3.9331381977803317,json_decoder,2026-04-17 14:38:59.427000+00:00,1
33,15.275006584008224,50,20260417_211906,3.2733210113536853,json_decoder,2026-04-17 13:19:22.323000+00:00,1
0,477.18699999991804,150,20260409_133549,0.31434217612807086,json_decoder,2026-04-09 05:43:46.952000+00:00,48
10,72.44333666702732,150,20260417_175644,2.0705838093770836,json_decoder,2026-04-17 09:57:56.881000+00:00,4
12,85.66090408398304,400,20260417_181623,4.669574811022715,json_decoder,2026-04-17 10:17:49.949000+00:00,3
33,54.575663959025405,300,20260417_211906,5.496955570256287,json_decoder,2026-04-17 13:20:01.609000+00:00,2
9,58.24943754100241,150,20260417_183227,2.575132161480759,json_decoder,2026-04-17 10:33:25.718000+00:00,3
0,367.39099999994505,100,20260409_133549,0.2721895745949546,json_decoder,2026-04-09 05:41:57.596000+00:00,31
32,58.98499999998603,50,20260418_110546,0.8476731372384817,json_decoder,2026-04-18 03:06:45.666000+00:00,1
0,485.26600000006147,200,20260409_123227,0.4121450915579799,json_decoder,2026-04-09 04:40:33.093000+00:00,59
48,119.73970345803536,100,20260416_183234,0.8351448776975345,json_decoder,2026-04-16 10:34:34.913000+00:00,3
32,44.70336666703224,250,20260417_213419,5.592419959375667,json_decoder,2026-04-17 13:35:04.494000+00:00,1
32,50.03691545804031,50,20260417_194452,0.999262235537455,json_decoder,2026-04-17 11:45:42.470000+00:00,1
32,28.12640549999196,100,20260417_230638,3.555377881472575,json_decoder,2026-04-17 15:07:06.537000+00:00,2
10,88.30952766700648,250,20260417_175644,2.830951615353312,json_decoder,2026-04-17 09:58:12.753000+00:00,4
13,114.13644999999087,500,20260417_183227,4.3807214960693095,json_decoder,2026-04-17 10:34:21.947000+00:00,3
0,683.8279999999795,300,20260409_151215,0.4387068093146361,json_decoder,2026-04-09 07:23:39.241000+00:00,76
0,259.2771610839991,150,20260418_183802,0.5785314810331631,json_decoder,2026-04-18 10:42:21.738000+00:00,2
32,29.888236374943517,150,20260417_213419,5.018696925381348,json_decoder,2026-04-17 13:34:49.661000+00:00,1
36,105.45889116707258,400,20260417_194452,3.792947143416315,json_decoder,2026-04-17 11:46:37.893000+00:00,3
32,37.18927891703788,200,20260417_213419,5.377894001283582,json_decoder,2026-04-17 13:34:56.968000+00:00,1
11,52.526158583932556,200,20260417_181623,3.807626626272625,json_decoder,2026-04-17 10:17:16.757000+00:00,2
0,101.78428945899941,50,20260418_183802,0.4912349466283883,json_decoder,2026-04-18 10:39:44.282000+00:00,2
35,74.15583883307409,200,20260417_194452,2.697022960662653,json_decoder,2026-04-17 11:46:06.592000+00:00,2
10,77.53861499996856,450,20260417_192418,5.803559942361396,json_decoder,2026-04-17 11:25:36.240000+00:00,2
31,15.928982499986887,50,20260418_125757,3.1389324459387886,json_decoder,2026-04-18 04:58:14.247000+00:00,1
6,12.008532166015357,50,20260417_192418,4.163706213945288,json_decoder,2026-04-17 11:24:31.677000+00:00,1
0,95.52018491597846,100,20260416_143406,1.046899145850294,json_decoder,2026-04-16 06:35:41.986000+00:00,3
8,42.51622337498702,50,20260417_183227,1.1760216696343684,json_decoder,2026-04-17 10:33:09.981000+00:00,3
31,60.29700000002049,50,20260418_121911,0.8292286515080851,json_decoder,2026-04-18 04:20:11.923000+00:00,1
9,54.027363208006136,300,20260417_192418,5.552741836483777,json_decoder,2026-04-17 11:25:13.365000+00:00,2
36,112.81087512499653,450,20260417_194452,3.988977122120467,json_decoder,2026-04-17 11:46:45.237000+00:00,3
33,58.14247591700405,300,20260417_195441,5.159738990617418,json_decoder,2026-04-17 11:55:40.307000+00:00,2
32,24.08554658293724,100,20260418_125757,4.1518675798224285,json_decoder,2026-04-18 04:58:22.387000+00:00,1
8,86.07658475008793,200,20260417_180445,2.3235122603978047,json_decoder,2026-04-17 10:06:12.950000+00:00,30
13,106.41679433302488,450,20260417_183227,4.228655850990515,json_decoder,2026-04-17 10:34:13.906000+00:00,3
33,58.49092050001491,100,20260417_194452,1.7096670584962756,json_decoder,2026-04-17 11:45:50.922000+00:00,2
10,64.5546758340206,100,20260417_175644,1.5490744660714346,json_decoder,2026-04-17 09:57:49.028000+00:00,4
43,75.8683769160416,50,20260416_183234,0.6590361100690426,json_decoder,2026-04-16 10:33:52.094000+00:00,2
12,112.89005458401516,400,20260417_175644,3.5432704986630292,json_decoder,2026-04-17 09:58:37.353000+00:00,4
0,82.33402858301997,50,20260414_234106,0.607282321301495,json_decoder,2026-04-14 15:42:30.123000+00:00,3
33,32.56716166599654,150,20260418_125757,4.605866533239076,json_decoder,2026-04-18 04:58:31.490000+00:00,2
12,94.01305312500335,450,20260417_181623,4.786569365018523,json_decoder,2026-04-17 10:17:58.249000+00:00,3
9,35.39891991694458,100,20260417_181623,2.8249449484511673,json_decoder,2026-04-17 10:16:59.722000+00:00,1
32,19.903031666064635,50,20260417_230638,2.512180095922359,json_decoder,2026-04-17 15:06:58.319000+00:00,1
0,439.39099999994505,150,20260409_151215,0.34138159407001684,json_decoder,2026-04-09 07:19:34.801000+00:00,43
0,1038.734999999986,500,20260409_151215,0.4813547247373071,json_decoder,2026-04-09 07:29:34.154000+00:00,117
32,67.15599999998813,50,20260418_122430,0.7445351122760265,json_decoder,2026-04-18 04:25:38.185000+00:00,1
32,59.4705386669375,350,20260417_213419,5.885267022048711,json_decoder,2026-04-17 13:35:19.314000+00:00,1
10,85.19925974996295,500,20260417_192418,5.86859558953172,json_decoder,2026-04-17 11:25:43.888000+00:00,2
12,68.2056379999267,300,20260417_181623,4.398463364572917,json_decoder,2026-04-17 10:17:32.419000+00:00,2
0,527.0629999999655,200,20260409_151215,0.37946127882248054,json_decoder,2026-04-09 07:21:02.463000+00:00,57
0,177.04184891690966,150,20260409_130404,0.8472573062112501,json_decoder,2026-04-09 05:07:02.497000+00:00,41
8,27.7376253339462,50,20260417_181623,1.8026056447885028,json_decoder,2026-04-17 10:16:51.995000+00:00,1
32,26.9342039169278,150,20260417_212724,5.56912691619324,json_decoder,2026-04-17 13:27:51.323000+00:00,1
0,289.27387695899233,301,20260409_130404,1.0405364050299986,json_decoder,2026-04-09 05:08:54.515000+00:00,70
5,63.86412395897787,50,20260417_181237,0.7829121719749373,json_decoder,2026-04-17 10:13:42.006000+00:00,12
33,74.26831329194829,400,20260417_195441,5.385876994777065,json_decoder,2026-04-17 11:55:56.436000+00:00,2
0,214.4247780420119,200,20260409_130404,0.9327280262396462,json_decoder,2026-04-09 05:07:39.657000+00:00,50
32,108.89099999997416,100,20260418_110546,0.9183495422029712,json_decoder,2026-04-18 03:07:35.579000+00:00,1
32,36.75640195806045,100,20260417_212153,2.7206144963291385,json_decoder,2026-04-17 13:22:30.094000+00:00,2
12,116.05131816596258,700,20260417_192418,6.031814296145646,json_decoder,2026-04-17 11:26:14.745000+00:00,2
13,82.98646766599268,300,20260417_183227,3.6150472292356417,json_decoder,2026-04-17 10:33:50.534000+00:00,3
0,106.875,50,20260414_154101,0.4678362573099415,json_decoder,2026-04-14 07:42:47.867000+00:00,29
32,17.274489625007845,50,20260417_224617,2.894441519569774,json_decoder,2026-04-17 14:46:35.044000+00:00,2
